Label,log.sigma.1.mm.3D_glcm_MCC,wavelet.LHH_glrlm_RunEntropy,log.sigma.1.mm.3D_glcm_Imc1,wavelet.HLH_glcm_Correlation,wavelet.LLH_glszm_GrayLevelVariance,wavelet.HLL_firstorder_90Percentile,log.sigma.2.mm.3D_glcm_Imc1,wavelet.LLH_glcm_Correlation,wavelet.HLL_glszm_ZonePercentage,wavelet.LLH_firstorder_Kurtosis
0,-0.997483877,0.9604801,0.928366791,0.43663266,-0.323301787,0.070511774,0.953708258,-0.374816201,-0.243836115,-0.548155707
1,0.816736226,1.626663813,-0.684219746,0.019994591,0.616675684,-0.275332979,-3.54685968,-0.286987794,-1.357829119,-0.159803497
1,-0.871208623,1.100007332,0.984453949,-0.091428317,-0.110585835,-0.129892178,-0.544331163,-0.164498043,-0.674630919,0.404042579
0,-1.359462336,-0.512847649,1.267561213,-1.213707536,0.314902364,1.863111875,1.151469805,-0.522914536,0.841577652,0.179799507
0,-0.487521525,0.567676272,0.6569544,0.881339472,-0.413233983,1.80672745,0.460527195,-0.584987022,0.478402767,-0.680691959
1,-0.051617962,-0.30512588,-1.062902942,0.143658069,0.312926984,-0.338374387,0.256757643,1.036329306,-0.609422156,-0.344594301
0,1.640030114,-0.133077473,-1.081333867,0.019269211,0.998664959,-0.839301881,0.56055821,0.473299478,-0.604097609,-0.219441259
0,-0.646083384,0.474100974,0.667130117,0.588818748,-0.421492947,-0.053844004,1.731782744,-0.100419146,0.926631659,-0.680210401
0,-0.692698715,0.516081845,0.716849212,-0.007933822,0.301408623,0.395056246,-0.598332627,-0.34365009,0.089865039,0.880722398
1,0.802741466,0.711738538,-0.440650657,-0.416139458,-0.464220162,-0.589990353,0.06606605,0.088011203,-0.009822402,-0.932812162
1,-0.419529305,0.731375271,-0.071670166,0.725847714,-0.640133093,-0.20059739,1.020534405,0.800697995,-0.36942585,-0.235720194
0,-1.05081881,1.244758697,0.841198551,-0.325173738,0.041842808,0.281757659,-0.031027479,0.031032746,-0.291290064,1.54757073
0,-0.539590409,-0.319447187,0.520882563,0.392910046,0.429770375,0.0924439,0.528205933,-1.097527082,0.284513561,-0.461476304
0,-0.862555341,0.107911816,0.829601023,-0.066854029,-0.551015773,-0.221164307,1.533345517,-0.197609178,0.342611502,-1.140689709
1,1.87722513,-0.768790072,-1.531699139,-0.185946033,2.168007376,-1.321979553,-0.992146271,3.39956722,0.737805794,0.114629719
1,1.234259994,-0.076531264,-0.924845903,-0.370710381,0.305023271,-0.661650157,-0.267443317,-0.705540787,-0.657475293,-1.02112165
0,1.832067392,-0.37720435,-1.388066931,-0.40575733,5.255675655,-0.139624553,-0.790638715,3.10319672,0.359905424,-0.669911856
0,-0.788797448,0.580278978,0.972808748,-0.138132171,-0.356683438,-0.266303301,-0.522186234,-0.18094082,-0.202008155,0.171625958
0,-1.396554237,0.425610582,1.297915189,0.360574301,-0.210095842,-0.126781588,-1.238068169,-0.444829065,-0.333410173,-0.333439554
0,-0.862254046,-1.099836612,0.733449496,-0.246633556,-1.174035597,0.575620294,0.503660919,-2.590404036,1.785484832,-1.334371527
0,0.006298417,-0.797520656,-0.028103171,-0.043979567,-0.194408882,-0.009051394,1.234343697,-0.069940085,-0.72958267,0.744946879
0,-0.637776307,0.235129093,0.848820557,0.320223791,-0.379912021,0.224160013,-0.79066002,-0.284742333,0.269033967,-0.88949637
0,-0.011709206,-0.429363212,-0.639234573,0.446338104,-0.066771712,1.132501164,-0.688065281,1.047099337,0.065881797,-0.723847989
0,-0.144281234,-1.307088011,0.161179592,0.048433455,-0.74160534,0.674123976,0.661515681,0.104278976,0.246119581,-0.084766808
0,1.454431989,0.199229527,-1.263349238,-0.222326797,-0.34213006,-0.922428825,-0.580283677,-0.074344636,-0.808009814,-0.123928589
0,-1.006623533,0.309789275,0.889745265,-0.185469357,-0.333564922,2.219282809,-0.289845034,-0.2323222,0.212365938,-0.670476687
0,1.363142046,0.396477974,-0.967069079,-0.44611844,-0.176396416,-1.278456264,0.300615833,-0.251070261,-0.426889775,-0.848288123
0,-0.318171905,0.731141389,0.614563231,0.587319578,-0.152424601,0.259914697,-0.807265835,0.129538635,0.13760395,-0.112360937
1,0.530254414,0.839856103,-0.151528119,0.193993471,-0.146631374,-0.131944108,-0.360778282,-0.405641095,-0.371116647,-0.189571938
0,-0.794148791,1.507234538,0.845756923,0.642214382,-0.647366403,1.481229847,-0.473748095,-0.012995493,0.508971891,-1.637800532
1,-0.195960405,1.337942897,-0.490370477,0.320470241,-0.778096697,-0.898567965,0.269198395,1.351289197,-0.747892125,-0.189001574
0,-0.489889683,0.212700346,0.448783474,-0.218615659,-1.180672245,0.864727984,0.176564814,0.498891003,-0.291031282,-1.474927869
1,1.348607048,-1.106990535,-1.243424194,1.006028301,1.109236647,-1.438405592,-0.092116796,2.541918433,-0.848855394,-0.365111277
0,-0.800758422,1.521707,1.014386412,0.233935021,0.013748258,1.247447215,-1.059065328,0.006724016,-0.037184159,-0.558158527
0,1.613271481,-0.239696548,-1.403719845,1.095553864,1.14727666,-1.073060137,0.346042881,0.624019644,-0.754675578,-0.835034945
1,2.152344153,-0.125107351,-1.755015844,-0.039005628,1.387661562,-0.968505602,-0.107079055,3.136939376,-0.113767711,1.194207634
0,-0.575947742,0.995120264,0.666324023,-0.555637344,-0.274040903,-0.224949826,-0.325497977,-0.204192185,-0.17753903,-0.495237122
0,-0.389616047,0.075323217,0.595845514,-0.060735123,-0.289257599,0.672892935,-1.466789009,-0.376346971,0.06983966,-0.190090993
1,0.196930286,0.920817335,-0.021379604,0.200551659,0.109162233,-0.228496785,-1.400909999,-0.554393747,-0.641441549,0.252746258
0,0.036824825,-0.632820889,0.069676721,-0.15730669,-0.278105337,-0.605381315,0.516796306,-0.018514517,-0.477196612,0.541446236
0,-0.924138301,1.289465991,0.766741619,-0.632711503,-0.151882226,-0.60726803,-0.437674072,-1.25398253,-0.321404942,0.091612292
1,1.468013515,-0.611797567,-1.169176456,0.922137097,1.473155302,-1.165808975,0.301083307,1.630745551,-0.039154387,0.383562401
0,-0.566686317,0.673891301,0.755528719,0.343143737,0.18763029,1.501274613,-0.650731745,-0.445711783,0.233407013,-0.942748421
1,-0.951703119,0.363128406,1.086547105,0.339528245,-0.027205849,1.439716834,0.716945168,-0.655896386,0.439653061,0.479252916
1,2.022814986,0.331421784,-2.173519787,0.099888047,0.346940988,-0.836570714,-0.943470225,0.166950724,-1.151969063,0.364349262
0,-1.063537384,-1.097386143,0.95473128,0.679021267,-1.121630507,-0.370059361,0.235675608,0.266102277,0.502930765,-1.712415591
1,0.572838285,1.525847184,-0.390196055,0.049799398,0.41485124,0.131284155,-2.95983945,-0.120365158,-1.017166209,0.325873268
1,1.349942405,0.482151848,-2.606913396,1.803638462,6.233099983,-0.918714834,-3.229894416,3.564412561,2.527675629,-0.709821999
1,-0.441995577,-1.294006903,0.176952603,1.639657432,-0.977359482,-1.519596412,0.858243352,-0.434592767,0.151074757,0.26362871
0,-0.03310989,-0.420064286,0.086093142,1.421483011,-0.478554977,1.901305155,-0.334763565,0.918166783,1.819280468,0.587440988
1,2.556322151,0.881771389,-3.457008953,0.097006924,0.784326905,-0.411492154,-1.461776361,1.205733544,-1.82941875,0.973187501
0,1.426381249,-0.213655282,-1.435168011,0.155030357,0.100489205,-1.648832444,0.055650817,0.810245158,-1.32594625,1.02057654
0,-0.060465116,-0.676415234,0.287784537,0.664561344,-0.094818771,-0.719965428,0.924441652,0.113579489,-0.28814265,-0.01788063
1,-0.95534646,1.168601769,1.07820365,0.436333418,-0.060102591,1.292036217,-0.740427916,-0.606671216,0.144120997,0.79499871
1,0.067402296,-1.815265269,-0.158698972,0.077012012,-0.62621235,-0.026981262,-4.31388638,-0.744259273,-1.377303467,2.501710969
0,-0.898033201,-0.304039479,0.847231769,-0.232867089,-0.619518123,-0.857195784,0.045105369,-0.298254374,-0.39537601,-0.766096279
1,0.626500817,0.628005967,-0.607392727,-0.172226015,-0.128861612,-0.664307894,-1.141164974,-0.362089581,-1.266002069,0.220430039
1,0.784689473,-0.399834746,-0.682710455,-1.16067562,-0.186226479,-0.170078909,0.422242733,-0.259260399,-0.922009325,-1.647933429
1,-0.545556743,1.574404981,0.813025219,-0.120126892,0.232233131,0.592829727,-1.565798605,-0.317852287,-0.177936532,-0.043038726
1,1.659117034,-1.139783403,-1.346865514,0.410702533,3.145066717,-0.458916255,-0.175736589,3.296851059,-0.360830142,1.898036165
0,-0.858829002,-1.048536756,0.735788108,0.480447967,-0.512185098,0.273020859,1.031083249,-0.713048408,1.31130599,-0.287756858
1,1.023211333,-0.243476955,-0.66117129,0.171163024,-0.046087332,-1.176009545,0.298571746,-0.028521496,-0.657775273,1.08078076
0,-0.453436849,-0.733907128,0.486260175,0.671705111,-0.392966973,-0.483655388,-0.504518527,-0.293503075,-0.200302843,-0.366078006
0,1.174746458,0.970470605,-0.810926643,0.285229781,0.614642891,0.558949925,-1.31945374,-0.46609773,-0.76088464,-0.517747639
0,-1.153756516,-0.525292206,1.152353744,-0.213509519,0.000963233,3.376020285,0.440455071,-0.376714186,0.840651868,1.31265414
1,-0.893891287,0.800546475,0.682511852,-0.756888111,-0.393850417,-0.614821295,0.657046836,0.045583028,-0.315901623,-1.008168115
0,-0.420429524,-1.875906884,0.346010573,1.649084055,-0.296619205,-0.117686655,0.224554558,-0.245887578,1.62528886,1.620939469
0,0.464150235,0.787932464,-0.175382518,-0.281483892,0.456880568,0.313303128,-1.728210611,-0.239192793,-0.619304052,-0.051467469
0,-0.456299881,-2.05578778,0.235848489,0.15845834,-1.166291271,0.401911882,1.664332684,0.220006374,0.741447468,-0.367510994
0,1.446431571,-0.33922586,-1.05991578,0.191350573,0.119737119,-0.160691369,-0.323653829,-0.342462664,-0.953235771,-0.66161391
1,2.058620787,-0.11227653,-2.047655216,-0.168750182,0.448533072,-0.65629882,-0.676450461,0.793824333,-0.334655568,0.150919541
0,-1.035056709,-0.11650603,0.85567686,-0.494546968,-0.252355024,-0.177687645,0.948268087,-0.889373335,0.717592913,1.225267107
0,-0.719560971,0.235896099,0.61930552,0.142609444,-0.602061778,0.669860766,1.128081855,0.508160589,0.653213993,0.351199596
0,-0.898029075,-0.699609676,0.524109552,0.101885108,-0.915295422,-0.513178008,0.617404625,-0.90013111,0.269378624,-1.4820081
0,-0.259960487,2.697321475,-0.059631083,0.626728297,-0.145746633,-0.613168176,-1.191120001,1.269054924,-1.248640326,-0.726401879
1,0.154597841,1.28398817,0.132213624,-0.058044214,0.372584296,0.259423189,-2.776168124,-0.209103416,-0.605041757,0.456087825
0,-0.200365629,-1.438700347,-0.523235868,0.096219263,-0.753828875,1.199601166,1.720256282,0.799627359,0.094204739,-0.309755002
0,-0.784532724,0.507312213,0.809400215,0.082612526,0.531195121,0.322553347,0.290736749,-1.385408541,0.296806004,1.524230982
1,2.414602458,1.171242961,-2.876848473,0.009586088,1.033641502,-0.166408501,-2.157322416,0.481852258,-1.329175812,0.743835207
0,1.000004549,0.141894752,-0.714406396,0.147062879,0.043030684,-1.308060688,0.025012835,-0.127788263,-1.201157728,-0.572807205
1,0.033208325,-0.343308014,-0.056902054,0.021001096,-0.735274651,-0.391564123,0.412653602,-0.378262156,-0.170255721,0.162731168
0,-1.039851578,-2.18073643,0.802442702,-0.217175979,-1.216026137,-0.38047883,1.45375113,-0.197535677,1.428406147,-0.622983831
1,1.287143477,-0.75995695,-1.142564004,0.589135836,0.250257619,-1.279267321,0.108810971,1.254443059,-1.090662978,-0.202385833
0,-1.182962702,-0.012197725,1.136528586,0.458984447,-0.263592138,2.248721063,1.072272075,0.055401853,0.70626377,-0.249098034
1,-1.032845678,0.442339317,0.99126956,0.674694445,0.216729155,2.341477263,0.64738421,-0.188921509,0.109287929,1.07639434
1,1.904920601,-0.832691233,-1.55754765,-0.105738866,1.921746425,-0.587699993,-0.180311964,1.191106413,0.171386177,0.177017369
0,0.157559396,-0.627220254,-0.036081262,0.389456356,-0.799380642,-0.595097049,1.052462143,-0.236855391,0.288869403,-1.170168081
1,0.796317624,0.276377407,-0.659420999,0.654802436,0.076727039,0.185033497,-0.510910407,-0.432664844,-0.524249375,-0.58890099
0,-0.971157467,0.133508113,1.10321157,0.103904574,-0.51970197,-0.125872816,-0.412615779,-0.006900515,0.054025266,-0.765381622
0,-0.577684808,0.696064528,0.342486825,-0.111755514,-0.763835205,-0.114938139,0.311476879,0.27738969,0.393763602,-1.232269678
0,-0.500140566,-0.710489698,0.478855231,0.090603853,-0.368705013,1.252411615,0.080597719,-0.831369935,-0.288989286,-0.335627853
0,0.034372637,1.06241373,0.148557608,0.377373365,-0.101408415,0.226793751,-0.64380082,-0.196910167,-0.398265861,-0.186371872
0,-0.743251746,1.14142259,0.786876117,0.802920195,-0.390557283,1.4476499,0.289523404,-0.691025273,0.374414848,-1.224440606
0,-0.652261247,0.570995723,0.835507267,0.497628373,-0.383960977,0.397455033,0.193073395,0.077644013,0.143616341,0.1535176
1,2.416805373,0.304638238,-2.165416646,0.257335496,1.951873535,-0.494797892,-0.167812359,2.469293003,-0.971217078,0.672829642
0,-0.46097049,-0.923255741,0.364430765,-0.658301066,-0.161899473,-0.188052682,0.668459024,-0.336219014,0.45633911,-0.425779428
0,0.423533262,0.093912212,-0.403033979,-0.545173449,-0.568833531,-0.177113999,-0.390337341,-0.085030775,-0.501124983,-0.992744237
0,0.491661431,0.318250531,-0.662787694,-0.752505317,0.400630897,-1.189173407,-0.117406203,-0.39392834,-1.181678264,0.87922635
1,-0.090388004,1.815785342,-0.468265688,0.397316634,-0.510891336,-0.073597042,-0.629266829,1.032461659,-0.802345726,-0.175041836
0,-0.612102467,-0.469447892,0.738024072,0.404148478,-0.131093448,0.912371557,-0.041747477,-0.304651942,0.492430903,-1.077500789
0,-0.719229138,-1.219374778,0.330068115,-0.303250069,-0.006581726,-0.455896434,1.00923514,-0.351663867,-0.072697455,1.134472953
0,-0.823822808,-0.780328779,0.454698976,-1.561218445,-0.323391896,0.511478411,0.880592671,-0.476128822,1.035185755,0.644643701
1,0.884794981,-0.724252437,-0.805132012,0.257978432,0.68616916,-1.251857931,0.573314685,1.042882602,-0.222427602,1.059848876
0,0.364550167,0.502127679,-0.199822033,-0.002555318,0.039288143,-0.320347514,-0.51142395,-0.246344657,-0.835668475,-0.085025587
1,2.239444046,-0.258472473,-1.436732275,0.598094134,3.561593253,-1.631931275,0.527822222,3.350369046,-0.152395979,4.304122552
0,-0.048747955,-2.547796927,-1.060110376,-0.785289308,0.130142402,-2.305989993,0.943176268,-1.872882491,2.593817238,0.760740935
1,1.003415449,0.953790798,-0.813162678,-0.0390683,0.831120764,-0.124505481,-1.621627306,-0.573472931,-0.871770043,0.288000494
0,0.093921051,0.132438113,0.007634719,-0.496270382,-0.520349656,-0.808988588,-0.413000583,-0.631601956,-0.841458638,-0.107503543
1,1.618549199,0.784592065,-1.674289639,0.135381006,0.441131559,-0.879806346,-1.062363514,-0.007642961,-1.431193718,0.34117015
0,-1.074726862,0.209862067,1.017790499,-0.755778068,-0.090700858,1.497961813,0.436886385,-0.768842614,0.558857134,0.168426048
0,-1.28139718,0.230300061,1.254590482,-0.030961514,-0.09412303,1.01621673,-0.304914958,-0.446907648,0.682651714,-0.057513165
0,-0.333262039,-0.211149106,0.492812952,-1.447792648,0.224004678,0.478111593,0.605605029,-0.370336827,1.547534174,-0.671919134
0,0.809485479,0.814016599,-0.656462777,0.233084377,0.238648683,-0.265695552,-0.126962839,-0.385667642,-0.332006968,0.65923374
0,-0.730408652,-0.43254928,0.770330183,-0.621340671,-0.484728463,-0.12208031,-0.544946248,-0.503738321,-0.165840709,-0.75624335
0,-0.567556373,1.276167442,0.655455963,-0.107081032,-0.074701315,0.342098412,-2.279624755,-0.527786729,-1.065071232,0.014671521
1,2.17919937,0.571845956,-1.894053252,0.22583319,1.594250743,-1.172556856,0.195016789,1.943132953,-0.989810602,0.447186364
0,-0.524568473,-0.648322039,0.200221735,0.606650699,-0.998204442,-1.723658876,2.330355676,-1.808418986,0.462214763,-1.994338826
0,-0.03859008,0.196130549,0.259111953,-0.114778543,-0.09244936,-0.355785316,0.548465708,-0.782942631,-0.625968334,-0.61447401
1,1.577766888,-0.377214588,-1.113719147,0.749663991,1.050233861,-0.287622487,0.382059225,1.72824398,0.869621122,1.039590503
0,-0.61305286,-0.650727046,0.596303629,-2.189553309,-0.618737641,-0.11470798,0.713628999,-0.291444056,0.195936609,0.826772413
1,-0.187530982,-0.758973936,-0.025682315,2.13808721,-0.147556673,-0.848325851,1.03803305,0.035941109,-0.397630903,-0.151717363
1,1.958012507,0.153103023,-1.905182008,0.728627772,2.637198299,-2.864259729,-0.6062304,3.117574788,-0.957554285,-0.274677966
0,-0.852367948,-0.702278485,0.774658524,-2.721154283,-0.741895535,-0.25052644,0.139338605,-0.566903485,0.720522424,-0.914081825
1,-0.958764433,-2.729368127,0.818990404,0.506698282,-1.295646021,0.687137516,1.565044521,0.202283579,1.433134821,-1.503074076
0,0.290636209,0.450519954,-0.086960604,-0.20313915,-0.293946119,-0.756245531,-0.768448844,-0.93755806,-1.165241725,0.628485333
1,2.244451616,0.674756416,-1.531385705,0.245839099,4.976371029,0.284893225,0.79916214,2.680062292,-0.729241614,1.877783178
0,0.27142738,-0.150711495,-0.372026709,0.02917665,-0.319011778,-0.717002978,-0.480668322,-0.278069225,-0.189363184,-1.850800442
0,-0.318608622,0.998395294,0.339949608,0.296734632,-0.613969855,0.658379577,-0.596185755,-0.806537431,0.058355345,-1.37193514
0,-0.104985829,-0.698099933,0.145418449,0.225041278,-0.056188988,0.10030597,1.103275067,-0.210163528,0.0966961,1.205135249
0,-0.787217946,1.04148174,0.872433697,0.382114782,-0.137489236,0.701304371,-0.981224733,-0.648311005,-0.460298765,-0.806483373
1,-0.400034299,0.641792163,0.459310403,0.185883833,0.551652724,0.036156883,-0.853075711,0.557188454,-1.001736776,2.061857564
1,2.101295774,0.624157566,-1.713685157,-0.062041665,2.451097503,-2.14965616,0.335116379,2.436817785,-1.650644606,1.964004428
0,-0.814430323,-1.603740741,0.574724559,-0.766161676,-1.396910006,-0.815802307,0.982750986,-0.068568837,0.961004207,-0.566186572
1,-0.518821912,1.004339513,0.3941651,0.334117262,0.04790307,0.838069307,0.761339275,-0.899009488,1.374409808,-0.450200743
0,-0.76882091,0.628258356,0.375664667,0.589975804,-0.912510076,-0.687069158,0.513408598,0.083325043,0.101011548,-1.670059766
1,0.484956093,0.571594133,-0.353774717,-0.140897014,-1.258443906,-0.042007006,0.061411969,1.194561107,-0.463148921,-1.837902506
1,2.578828169,0.556191731,-2.707960419,-0.199652093,2.066489674,-0.622875095,-0.444459416,1.333025698,-1.171108489,1.069672319
0,-1.190239463,-0.015146295,1.0641039,-0.655727955,-0.597038953,0.710319338,0.705726611,-0.632995551,1.009484425,-0.927494106
0,-1.571555561,-2.008650336,1.333092124,0.03522975,-1.263164909,1.107090237,1.870720844,-0.581492954,1.284487153,0.265459984
1,1.938838396,0.605772664,-2.239935062,-0.201695582,0.41632892,-0.376874882,-1.273878211,0.27536333,-1.415341974,0.388064756
1,-0.308744344,0.377459888,0.439351767,-0.540480035,0.116013453,-0.063003454,-0.840651866,-0.840683032,-0.750037015,-0.78824489
0,-1.392302998,1.11546902,1.244995441,0.28351945,-0.16140581,0.065058846,0.971771154,-0.201670329,-0.105839136,1.88845586
1,-0.377313542,0.55882878,0.462855705,-0.100957144,0.401850172,-0.747606901,-0.50415068,-0.094279924,-0.633216937,0.448982902
0,-1.177070075,-0.533263916,1.083658154,-0.637718974,0.044565648,2.868670416,0.323695998,-0.181736796,1.789235603,-0.236192319
1,2.554595614,0.653302108,-2.552716737,-0.215011937,4.487454531,-0.50129277,-0.01085692,3.292655392,-1.502741426,1.593269341
0,-0.678924843,1.117610508,1.02754691,0.986095623,0.106146359,2.034266678,1.006789928,0.180495832,0.87471082,0.12683267
1,-0.079387714,0.501639901,0.22560841,-0.870216346,0.406927287,-0.224482584,-0.97910249,-0.047482454,0.515902615,1.414716745
0,0.542524549,-1.424454419,-2.049451934,0.055616372,-0.931528017,-0.26780159,0.524231796,1.53065264,-0.264856708,-0.311901756
0,-0.984048977,0.669204553,0.854040297,-0.728880124,0.192951061,0.565232997,-0.064458852,-1.09103446,-0.050380173,0.880082564
1,1.056013173,-0.879795693,-0.864963581,-0.149675455,0.523282855,-0.925941038,0.032558303,0.672396057,-0.267865277,1.968919122
0,-0.693392843,-0.106291585,0.742957305,-0.10559633,0.479053172,-0.055215519,0.806532876,-1.136334117,-0.236779368,0.322735443
0,-0.56331454,-1.524660164,0.832240123,-0.00429396,-1.500328578,1.290611892,1.4095505,-0.509949445,1.92642485,-0.975959382
0,-1.080023809,-0.204258625,1.02598099,-0.509620745,-0.608963556,0.323694227,-0.005503302,-0.554282492,0.441531289,-1.359621848
0,-0.717943063,-0.515363242,0.616809264,0.870927116,-1.119321674,-0.262790359,0.78908266,-0.084720244,0.801083821,-0.28635242
1,1.181682543,-0.079782543,-1.005498058,0.33700871,1.605477007,-0.988321125,0.361829545,0.6701341,-0.376351944,0.751768306
0,-0.76269263,0.115318502,0.86684347,0.797316878,-0.75613058,1.30222176,-0.211243689,-0.27059404,-0.394943041,-0.679580973
1,0.876999332,0.975260647,-0.712606215,0.178507389,0.132277991,-0.45519946,-0.962024683,-0.288681988,-1.049880251,0.748025121
0,-0.442980464,-0.645035343,0.448172353,0.047117333,-0.111310191,1.103452803,0.381733947,-0.037918291,0.282873831,0.902875204
0,-0.656263307,0.105523682,-0.104393002,-9.041101381,-2.3068079,-1.084377559,1.590533662,0.560931202,5.220897522,-1.389369547
0,-0.896555627,0.724549501,0.967996803,-0.25052263,-0.419051664,0.693938953,0.662105438,-0.562106276,0.538250669,-0.149417533
1,1.874633933,0.56587993,-1.793336099,0.77267904,1.274045303,-2.152672879,-0.53140621,3.472785995,-0.605138254,0.249469003
1,0.566901988,0.283354506,-0.232716897,-0.033602772,0.216047163,0.018396141,-0.529546617,-0.401185169,-0.24016428,0.30371358
0,-0.59084123,-0.531962447,0.163991968,-0.058481239,-0.22915535,0.56715473,0.678444245,1.095766365,-0.518422883,0.126882798
0,-0.845699403,-1.352880112,0.720179958,-0.971492273,-0.81433986,1.249999775,0.67321454,-0.280796564,0.299658581,-1.278835928
