Label,log.sigma.1.mm.3D_glcm_MCC,wavelet.LHH_glrlm_RunEntropy,log.sigma.1.mm.3D_glcm_Imc1,wavelet.HLH_glcm_Correlation,wavelet.LLH_glszm_GrayLevelVariance,wavelet.HLL_firstorder_90Percentile,log.sigma.2.mm.3D_glcm_Imc1,wavelet.LLH_glcm_Correlation,wavelet.HLL_glszm_ZonePercentage,wavelet.LLH_firstorder_Kurtosis
1,-0.441995577,-1.294006903,0.176952603,1.639657432,-0.977359482,-1.519596412,0.858243352,-0.434592767,0.151074757,0.26362871
1,-0.387840327,0.755790941,0.492011699,0.072384108,-0.212738249,1.834224976,0.10867919,0.535025589,-0.230870348,-0.641755434
1,-0.461120613,0.061879699,0.388673487,0.667522408,-0.60381331,-0.340212356,-0.336895943,-0.363546902,-0.465674655,0.179138842
0,-0.494475288,-0.059015504,0.729748736,-0.01308592,-0.259582144,0.168657104,0.505716529,-0.610620644,0.670482466,-0.245002439
0,-0.787500892,0.503218737,0.890261163,0.463345435,0.171630929,-0.20650878,0.207763575,-0.612983513,-0.458984789,0.714347516
0,-0.652261247,0.570995723,0.835507267,0.497628373,-0.383960977,0.397455033,0.193073395,0.077644013,0.143616341,0.1535176
0,0.135504471,-0.20750463,-0.111504148,0.283959967,-0.557279578,-0.552296651,0.348815973,-0.933895918,-0.234821781,-0.341183299
0,-1.177070075,-0.533263916,1.083658154,-0.637718974,0.044565648,2.868670416,0.323695998,-0.181736796,1.789235603,-0.236192319
0,-0.692698715,0.516081845,0.716849212,-0.007933822,0.301408623,0.395056246,-0.598332627,-0.34365009,0.089865039,0.880722398
0,-0.577684808,0.696064528,0.342486825,-0.111755514,-0.763835205,-0.114938139,0.311476879,0.27738969,0.393763602,-1.232269678
0,-0.862254046,-1.099836612,0.733449496,-0.246633556,-1.174035597,0.575620294,0.503660919,-2.590404036,1.785484832,-1.334371527
0,-0.852367948,-0.702278485,0.774658524,-2.721154283,-0.741895535,-0.25052644,0.139338605,-0.566903485,0.720522424,-0.914081825
1,0.686853529,0.221551101,-0.425522252,0.100485044,-0.632224078,0.128622622,0.464353276,0.537711542,0.080189274,-1.145265733
1,2.058620787,-0.11227653,-2.047655216,-0.168750182,0.448533072,-0.65629882,-0.676450461,0.793824333,-0.334655568,0.150919541
0,-0.525121877,0.744380012,0.622437632,-0.041489345,-0.130254961,0.160958289,-1.18283769,-0.998997804,-0.260102784,-0.09573299
1,-0.090388004,1.815785342,-0.468265688,0.397316634,-0.510891336,-0.073597042,-0.629266829,1.032461659,-0.802345726,-0.175041836
0,1.194632199,-6.44092508,-3.401503637,7.250952504,-2.042396502,-0.192354231,-0.809545981,-0.594328619,5.883871901,-3.32873263
0,-0.719560971,0.235896099,0.61930552,0.142609444,-0.602061778,0.669860766,1.128081855,0.508160589,0.653213993,0.351199596
0,-0.845699403,-1.352880112,0.720179958,-0.971492273,-0.81433986,1.249999775,0.67321454,-0.280796564,0.299658581,-1.278835928
1,-0.079387714,0.501639901,0.22560841,-0.870216346,0.406927287,-0.224482584,-0.97910249,-0.047482454,0.515902615,1.414716745
1,0.067402296,-1.815265269,-0.158698972,0.077012012,-0.62621235,-0.026981262,-4.31388638,-0.744259273,-1.377303467,2.501710969
0,0.199888292,-0.550193405,-0.165132596,-0.213476537,-0.915513844,-0.064947932,0.092140548,-0.367445651,-0.551827858,1.088277274
0,-1.392302998,1.11546902,1.244995441,0.28351945,-0.16140581,0.065058846,0.971771154,-0.201670329,-0.105839136,1.88845586
0,-0.794148791,1.507234538,0.845756923,0.642214382,-0.647366403,1.481229847,-0.473748095,-0.012995493,0.508971891,-1.637800532
0,-0.46097049,-0.923255741,0.364430765,-0.658301066,-0.161899473,-0.188052682,0.668459024,-0.336219014,0.45633911,-0.425779428
1,1.577766888,-0.377214588,-1.113719147,0.749663991,1.050233861,-0.287622487,0.382059225,1.72824398,0.869621122,1.039590503
0,-0.011709206,-0.429363212,-0.639234573,0.446338104,-0.066771712,1.132501164,-0.688065281,1.047099337,0.065881797,-0.723847989
0,-0.616197186,-0.038517179,0.660684099,-0.554159552,0.13426713,1.057323199,0.614612682,-0.849354605,0.490981507,1.716433262
0,-0.389616047,0.075323217,0.595845514,-0.060735123,-0.289257599,0.672892935,-1.466789009,-0.376346971,0.06983966,-0.190090993
0,0.034372637,1.06241373,0.148557608,0.377373365,-0.101408415,0.226793751,-0.64380082,-0.196910167,-0.398265861,-0.186371872
0,-1.063537384,-1.097386143,0.95473128,0.679021267,-1.121630507,-0.370059361,0.235675608,0.266102277,0.502930765,-1.712415591
1,2.556322151,0.881771389,-3.457008953,0.097006924,0.784326905,-0.411492154,-1.461776361,1.205733544,-1.82941875,0.973187501
1,0.501448922,0.186350104,-0.155566593,0.112783509,-0.14734692,0.200719429,-1.383471971,-0.761378258,-0.532450622,0.495913212
1,2.317816567,0.746775593,-3.037769014,0.058402003,0.546220483,-0.842102754,-1.715692781,0.707619999,-1.589458178,0.530913981
0,-0.29771023,-0.103253602,0.208839425,-0.118799053,-0.674628944,-1.394529548,1.093036622,-0.396466753,0.818282328,-1.044451286
0,-0.371964395,-3.574800646,-0.159387791,-2.324907546,-0.283933523,0.411415924,2.405324043,-0.28898843,3.148105787,3.688761188
0,1.640030114,-0.133077473,-1.081333867,0.019269211,0.998664959,-0.839301881,0.56055821,0.473299478,-0.604097609,-0.219441259
0,-0.56331454,-1.524660164,0.832240123,-0.00429396,-1.500328578,1.290611892,1.4095505,-0.509949445,1.92642485,-0.975959382
0,-0.66315274,-0.251884629,0.599303355,0.204895732,-0.529835691,0.187528834,0.149295139,-0.481128022,0.414926499,-0.211072124
0,-0.268479006,-0.83011957,0.349162388,1.556115346,-0.810450881,-1.297345494,0.308243196,-0.842849546,-0.963178364,0.792591533
1,0.626500817,0.628005967,-0.607392727,-0.172226015,-0.128861612,-0.664307894,-1.141164974,-0.362089581,-1.266002069,0.220430039
0,-0.637776307,0.235129093,0.848820557,0.320223791,-0.379912021,0.224160013,-0.79066002,-0.284742333,0.269033967,-0.88949637
1,0.796317624,0.276377407,-0.659420999,0.654802436,0.076727039,0.185033497,-0.510910407,-0.432664844,-0.524249375,-0.58890099
1,2.349323725,0.247945835,-2.477152567,0.047450197,0.856760885,0.195988037,-0.679201835,0.546024067,-0.862163447,0.312928513
0,0.27142738,-0.150711495,-0.372026709,0.02917665,-0.319011778,-0.717002978,-0.480668322,-0.278069225,-0.189363184,-1.850800442
0,-1.186948884,0.087535974,1.025337203,0.82095671,-0.145715206,1.213898115,1.051004933,-0.09796445,1.327503515,0.78505416
0,-0.787217946,1.04148174,0.872433697,0.382114782,-0.137489236,0.701304371,-0.981224733,-0.648311005,-0.460298765,-0.806483373
0,1.120313936,0.496873968,-1.123657706,0.197382227,0.024206262,-0.375901099,-0.597625816,-0.363281707,-1.015095602,0.858470941
1,0.784689473,-0.399834746,-0.682710455,-1.16067562,-0.186226479,-0.170078909,0.422242733,-0.259260399,-0.922009325,-1.647933429
1,0.802741466,0.711738538,-0.440650657,-0.416139458,-0.464220162,-0.589990353,0.06606605,0.088011203,-0.009822402,-0.932812162
0,-0.566686317,0.673891301,0.755528719,0.343143737,0.18763029,1.501274613,-0.650731745,-0.445711783,0.233407013,-0.942748421
0,-0.575947742,0.995120264,0.666324023,-0.555637344,-0.274040903,-0.224949826,-0.325497977,-0.204192185,-0.17753903,-0.495237122
0,-0.823822808,-0.780328779,0.454698976,-1.561218445,-0.323391896,0.511478411,0.880592671,-0.476128822,1.035185755,0.644643701
1,2.244451616,0.674756416,-1.531385705,0.245839099,4.976371029,0.284893225,0.79916214,2.680062292,-0.729241614,1.877783178
1,0.484956093,0.571594133,-0.353774717,-0.140897014,-1.258443906,-0.042007006,0.061411969,1.194561107,-0.463148921,-1.837902506
0,-0.862555341,0.107911816,0.829601023,-0.066854029,-0.551015773,-0.221164307,1.533345517,-0.197609178,0.342611502,-1.140689709
1,1.287143477,-0.75995695,-1.142564004,0.589135836,0.250257619,-1.279267321,0.108810971,1.254443059,-1.090662978,-0.202385833
1,2.022814986,0.331421784,-2.173519787,0.099888047,0.346940988,-0.836570714,-0.943470225,0.166950724,-1.151969063,0.364349262
1,-0.61479005,1.283224536,0.688362561,-0.232415594,0.332771872,-0.283722988,-0.348811903,-0.236941153,-1.222633903,-0.305746851
0,-1.153756516,-0.525292206,1.152353744,-0.213509519,0.000963233,3.376020285,0.440455071,-0.376714186,0.840651868,1.31265414
0,-0.784532724,0.507312213,0.809400215,0.082612526,0.531195121,0.322553347,0.290736749,-1.385408541,0.296806004,1.524230982
0,-0.656878779,-0.805527356,0.818877483,0.391273184,-0.179750774,2.125010479,-1.61182871,-0.171177733,1.128832533,1.171141513
0,-0.436471175,0.255409771,0.519340111,-0.184617415,-0.172618655,0.343739046,0.694279229,-0.721278557,-0.128167271,0.698394743
0,-0.858829002,-1.048536756,0.735788108,0.480447967,-0.512185098,0.273020859,1.031083249,-0.713048408,1.31130599,-0.287756858
0,1.363142046,0.396477974,-0.967069079,-0.44611844,-0.176396416,-1.278456264,0.300615833,-0.251070261,-0.426889775,-0.848288123
1,2.084487974,0.099996079,-2.109662568,-0.137084562,0.423867179,-1.377706154,-0.567670622,3.09486365,-0.861437256,-1.146231779
0,0.464150235,0.787932464,-0.175382518,-0.281483892,0.456880568,0.313303128,-1.728210611,-0.239192793,-0.619304052,-0.051467469
0,-0.539990076,-3.554906148,0.329380762,1.650431528,-0.736881227,0.669798662,1.677447561,-1.136646754,3.731216838,-0.462312487
1,-0.871208623,1.100007332,0.984453949,-0.091428317,-0.110585835,-0.129892178,-0.544331163,-0.164498043,-0.674630919,0.404042579
0,-1.359462336,-0.512847649,1.267561213,-1.213707536,0.314902364,1.863111875,1.151469805,-0.522914536,0.841577652,0.179799507
0,-0.634453254,-1.578762562,0.534843525,-1.298532235,-0.615531365,1.92663384,1.497897878,-1.210680094,0.763750497,-0.933436838
0,-0.743251746,1.14142259,0.786876117,0.802920195,-0.390557283,1.4476499,0.289523404,-0.691025273,0.374414848,-1.224440606
1,-0.308744344,0.377459888,0.439351767,-0.540480035,0.116013453,-0.063003454,-0.840651866,-0.840683032,-0.750037015,-0.78824489
0,-0.700482212,0.320905198,0.624239404,-0.428813185,-0.614970543,1.158063593,1.076446608,-0.882298192,0.61021208,-1.497310458
1,0.816736226,1.626663813,-0.684219746,0.019994591,0.616675684,-0.275332979,-3.54685968,-0.286987794,-1.357829119,-0.159803497
1,0.530254414,0.839856103,-0.151528119,0.193993471,-0.146631374,-0.131944108,-0.360778282,-0.405641095,-0.371116647,-0.189571938
0,-1.190239463,-0.015146295,1.0641039,-0.655727955,-0.597038953,0.710319338,0.705726611,-0.632995551,1.009484425,-0.927494106
1,-1.032845678,0.442339317,0.99126956,0.674694445,0.216729155,2.341477263,0.64738421,-0.188921509,0.109287929,1.07639434
0,0.195265837,0.864704548,0.039764268,-0.072169871,0.166883726,-1.29919744,-0.047574025,-0.276526321,-0.642758672,1.637691687
0,-0.923555174,-0.511532654,0.731737654,-0.248605151,-1.256009724,-1.681771858,1.195581033,-0.640654899,0.845884785,-0.395164049
1,2.17919937,0.571845956,-1.894053252,0.22583319,1.594250743,-1.172556856,0.195016789,1.943132953,-0.989810602,0.447186364
1,0.168806195,0.250853411,-0.029181852,-0.100662968,-0.162001115,0.716355751,-0.464987325,-0.828158927,-0.1102471,0.760119574
1,1.324907392,0.789330805,-1.303955958,0.18233926,0.160502314,-1.017945092,-2.413613975,-0.375937695,-1.294597188,0.585254596
1,-0.377313542,0.55882878,0.462855705,-0.100957144,0.401850172,-0.747606901,-0.50415068,-0.094279924,-0.633216937,0.448982902
1,-0.159532525,0.342980891,0.477643991,0.383551809,0.264182714,1.191923277,-0.0264745,-0.826038916,0.344252516,0.41929164
0,0.390717196,-0.097244761,-0.097631094,-0.044129234,1.0355928,-0.688211082,0.245798586,-0.034893313,-0.316179396,0.028375857
0,-0.926962393,0.185035348,1.046166166,-1.187562454,-0.557834233,-0.760875495,1.046316991,-0.141717377,0.438264178,1.40598474
0,-0.318608622,0.998395294,0.339949608,0.296734632,-0.613969855,0.658379577,-0.596185755,-0.806537431,0.058355345,-1.37193514
0,-1.142518804,-1.414604655,0.817167963,-2.084740185,-0.933623615,-0.341824988,1.712744319,-0.030817564,0.979992896,0.321716189
1,0.884794981,-0.724252437,-0.805132012,0.257978432,0.68616916,-1.251857931,0.573314685,1.042882602,-0.222427602,1.059848876
0,-0.612102467,-0.469447892,0.738024072,0.404148478,-0.131093448,0.912371557,-0.041747477,-0.304651942,0.492430903,-1.077500789
0,-0.770122199,0.131669377,0.939556727,-0.440866428,-0.073495766,2.549922829,0.201496748,-0.046955182,0.422980511,1.280230633
0,-0.500140566,-0.710489698,0.478855231,0.090603853,-0.368705013,1.252411615,0.080597719,-0.831369935,-0.288989286,-0.335627853
0,-0.169982835,-2.644301431,0.100758251,0.348249816,-0.455602713,0.003374765,-0.320042037,-0.717658612,1.413350413,0.372574358
1,0.566901988,0.283354506,-0.232716897,-0.033602772,0.216047163,0.018396141,-0.529546617,-0.401185169,-0.24016428,0.30371358
0,-0.319866132,2.476096471,0.378638426,0.337328027,0.279689179,-0.408542395,-0.655208178,0.134310325,-1.289424756,-0.627839688
0,0.157559396,-0.627220254,-0.036081262,0.389456356,-0.799380642,-0.595097049,1.052462143,-0.236855391,0.288869403,-1.170168081
0,1.446431571,-0.33922586,-1.05991578,0.191350573,0.119737119,-0.160691369,-0.323653829,-0.342462664,-0.953235771,-0.66161391
0,-0.896555627,0.724549501,0.967996803,-0.25052263,-0.419051664,0.693938953,0.662105438,-0.562106276,0.538250669,-0.149417533
0,-0.289735733,0.104121329,-0.414414907,0.258642546,-1.363283577,-1.144795744,0.248121004,1.13137295,-1.211364531,0.799342819
0,-0.437147327,1.511681559,0.655089886,0.023052672,0.284362801,1.553937117,-0.748443311,-0.635973667,-0.129727814,-0.50254905
0,0.121926399,0.298791787,0.224303261,-0.357089783,-0.002995627,-0.30761832,-0.104257281,-0.731655723,-0.735179271,-0.268085757
1,0.912921893,1.576834508,-0.778880257,0.014387464,0.770411079,-0.333823347,-1.613652774,-0.573833591,-1.299922366,0.52966333
0,1.328701707,-0.705644253,-0.980018188,0.129197326,-0.147674857,-1.715985188,0.627861542,0.898720783,-0.716070283,-0.071966073
1,2.578828169,0.556191731,-2.707960419,-0.199652093,2.066489674,-0.622875095,-0.444459416,1.333025698,-1.171108489,1.069672319
0,-0.567556373,1.276167442,0.655455963,-0.107081032,-0.074701315,0.342098412,-2.279624755,-0.527786729,-1.065071232,0.014671521
0,-0.646083384,0.474100974,0.667130117,0.588818748,-0.421492947,-0.053844004,1.731782744,-0.100419146,0.926631659,-0.680210401
0,-0.800758422,1.521707,1.014386412,0.233935021,0.013748258,1.247447215,-1.059065328,0.006724016,-0.037184159,-0.558158527
0,-1.035056709,-0.11650603,0.85567686,-0.494546968,-0.252355024,-0.177687645,0.948268087,-0.889373335,0.717592913,1.225267107
1,0.019804232,-0.304906092,-0.055968885,-0.691936733,-0.107243536,-0.519307057,-0.521832127,0.112209184,-0.931873399,-0.128041579
